Price,Adj Close,Close,High,Low,Open,Volume
Ticker,QCOM,QCOM,QCOM,QCOM,QCOM,QCOM
Date,,,,,,
2023-11-01 00:00:00+00:00,108.62355041503906,110.88999938964844,111.19000244140625,108.69999694824219,109.16999816894531,12809900
2023-11-02 00:00:00+00:00,114.9613037109375,117.36000061035156,119.08000183105469,114.44999694824219,117.97000122070312,22106100
2023-11-03 00:00:00+00:00,117.07715606689453,119.5199966430664,120.0999984741211,117.36000061035156,117.94999694824219,10667600
2023-11-06 00:00:00+00:00,117.47879028320312,119.93000030517578,120.55999755859375,118.37999725341797,120.0,7756400
2023-11-07 00:00:00+00:00,118.25263214111328,120.72000122070312,121.08000183105469,119.16999816894531,119.8499984741211,7898400
2023-11-08 00:00:00+00:00,117.60611724853516,120.05999755859375,122.05999755859375,119.1500015258789,121.4000015258789,7681900
2023-11-09 00:00:00+00:00,117.64530181884766,120.0999984741211,122.43000030517578,119.8499984741211,121.12000274658203,9002700
2023-11-10 00:00:00+00:00,121.67129516601562,124.20999908447266,124.80999755859375,120.97000122070312,121.9000015258789,12191600
2023-11-13 00:00:00+00:00,121.31865692138672,123.8499984741211,124.55000305175781,122.62999725341797,124.0,7959200
2023-11-14 00:00:00+00:00,124.75691986083984,127.36000061035156,128.22000122070312,126.08000183105469,127.33999633789062,11255400
2023-11-15 00:00:00+00:00,126.2850341796875,128.9199981689453,129.72999572753906,127.55999755859375,127.91999816894531,7789100
2023-11-16 00:00:00+00:00,126.06952667236328,128.6999969482422,130.3699951171875,128.30999755859375,129.08999633789062,11655700
2023-11-17 00:00:00+00:00,126.82379913330078,129.47000122070312,129.7899932861328,128.4199981689453,129.3000030517578,6543300
2023-11-20 00:00:00+00:00,126.86296844482422,129.50999450683594,130.1199951171875,129.02000427246094,129.44000244140625,7148600
2023-11-21 00:00:00+00:00,124.42386627197266,127.0199966430664,127.47000122070312,125.75,126.88999938964844,14641800
2023-11-22 00:00:00+00:00,124.89405822753906,127.5,129.50999450683594,127.16000366210938,127.88999938964844,6647400
2023-11-24 00:00:00+00:00,125.13894653320312,127.75,128.22999572753906,127.55999755859375,128.22999572753906,3708200
2023-11-27 00:00:00+00:00,125.57974243164062,128.1999969482422,129.02000427246094,126.79000091552734,127.2699966430664,8586400
2023-11-28 00:00:00+00:00,124.0026626586914,126.58999633789062,127.30999755859375,125.66999816894531,127.19999694824219,8817900
2023-11-29 00:00:00+00:00,126.09254455566406,127.91000366210938,130.60000610351562,127.62000274658203,129.24000549316406,10608300
2023-11-30 00:00:00+00:00,127.21634674072266,129.0500030517578,129.39999389648438,127.48999786376953,129.27000427246094,11731800
2023-12-01 00:00:00+00:00,127.82752227783203,129.6699981689453,130.27000427246094,128.50999450683594,129.05999755859375,8861400
2023-12-04 00:00:00+00:00,128.10354614257812,129.9499969482422,130.0500030517578,128.02999877929688,129.3300018310547,7485000
2023-12-05 00:00:00+00:00,128.89219665527344,130.75,130.85000610351562,128.9499969482422,129.08999633789062,6231600
2023-12-06 00:00:00+00:00,128.11341857910156,129.9600067138672,132.13999938964844,129.66000366210938,131.97999572753906,6912400
2023-12-07 00:00:00+00:00,131.0510711669922,132.94000244140625,133.3300018310547,130.38999938964844,131.3300018310547,7815700
2023-12-08 00:00:00+00:00,131.0806427001953,132.97000122070312,133.97000122070312,131.17999267578125,131.22000122070312,7677700
2023-12-11 00:00:00+00:00,134.1661834716797,136.10000610351562,136.60000610351562,134.07000732421875,134.50999450683594,11010700
2023-12-12 00:00:00+00:00,134.73793029785156,136.67999267578125,137.22999572753906,135.5,135.97999572753906,7380400
2023-12-13 00:00:00+00:00,136.8278045654297,138.8000030517578,138.99000549316406,136.0800018310547,136.3800048828125,7507700
2023-12-14 00:00:00+00:00,139.4894256591797,141.5,142.75999450683594,139.60000610351562,139.60000610351562,11468900
2023-12-15 00:00:00+00:00,141.09628295898438,143.1300048828125,143.49000549316406,141.3800048828125,142.0500030517578,25049400
2023-12-18 00:00:00+00:00,139.63731384277344,141.64999389648438,143.1199951171875,141.2899932861328,142.50999450683594,7832100
2023-12-19 00:00:00+00:00,141.19483947753906,143.22999572753906,143.42999267578125,141.44000244140625,142.02999877929688,5658400
2023-12-20 00:00:00+00:00,138.4445037841797,140.44000244140625,142.97999572753906,140.36000061035156,141.97000122070312,7264800
2023-12-21 00:00:00+00:00,140.4160919189453,142.44000244140625,142.69000244140625,140.99000549316406,141.8000030517578,8361600
2023-12-22 00:00:00+00:00,141.451171875,143.49000549316406,144.39999389648438,142.75,143.25,4658300
2023-12-26 00:00:00+00:00,143.3931884765625,145.4600067138672,146.0500030517578,143.9600067138672,144.1699981689453,4381200
2023-12-27 00:00:00+00:00,143.6494903564453,145.72000122070312,146.22000122070312,145.0399932861328,145.85000610351562,4470300
2023-12-28 00:00:00+00:00,143.78749084472656,145.86000061035156,146.88999938964844,145.72999572753906,146.17999267578125,4928800
2023-12-29 00:00:00+00:00,142.57498168945312,144.6300048828125,145.6199951171875,143.7899932861328,145.41000366210938,4838400
2024-01-02 00:00:00+00:00,138.23748779296875,140.22999572753906,142.1999969482422,138.77999877929688,142.19000244140625,8495800
2024-01-03 00:00:00+00:00,135.64486694335938,137.60000610351562,138.88999938964844,136.99000549316406,138.88999938964844,8133300
2024-01-04 00:00:00+00:00,134.2351837158203,136.1699981689453,137.3300018310547,134.94000244140625,135.44000244140625,6770300
2024-01-05 00:00:00+00:00,134.78720092773438,136.72999572753906,138.07000732421875,135.85000610351562,136.16000366210938,6826500
2024-01-08 00:00:00+00:00,137.0545196533203,139.02999877929688,139.14999389648438,136.63999938964844,136.99000549316406,7729400
2024-01-09 00:00:00+00:00,137.90232849121094,139.88999938964844,140.9499969482422,137.13999938964844,137.5399932861328,5856900
2024-01-10 00:00:00+00:00,137.33055114746094,139.30999755859375,140.02999877929688,137.7899932861328,139.88999938964844,5652500
2024-01-11 00:00:00+00:00,137.0545196533203,139.02999877929688,139.9499969482422,136.02999877929688,139.0,7374900
2024-01-12 00:00:00+00:00,138.20791625976562,140.1999969482422,142.66000366210938,139.16000366210938,142.1199951171875,6539600
2024-01-16 00:00:00+00:00,139.11483764648438,141.1199951171875,141.22999572753906,137.97999572753906,140.0,7483000
2024-01-17 00:00:00+00:00,137.34042358398438,139.32000732421875,139.6300048828125,137.35000610351562,139.6199951171875,6584700
2024-01-18 00:00:00+00:00,143.2255859375,145.2899932861328,145.64999389648438,142.3300018310547,143.14999389648438,12893000
2024-01-19 00:00:00+00:00,149.8008270263672,151.9600067138672,152.77000427246094,146.74000549316406,147.25999450683594,16164100
2024-01-22 00:00:00+00:00,150.69789123535156,152.8699951171875,154.57000732421875,151.8699951171875,152.75,10456100
2024-01-23 00:00:00+00:00,151.3189239501953,153.5,153.74000549316406,151.41000366210938,152.8699951171875,6232300
2024-01-24 00:00:00+00:00,152.17657470703125,154.3699951171875,156.32000732421875,153.89999389648438,154.7899932861328,8331900
2024-01-25 00:00:00+00:00,152.275146484375,154.47000122070312,157.97999572753906,153.6699981689453,157.60000610351562,7740900
2024-01-26 00:00:00+00:00,148.57843017578125,150.72000122070312,152.97999572753906,150.3800048828125,152.2100067138672,7744700
2024-01-29 00:00:00+00:00,147.51376342773438,149.63999938964844,151.24000549316406,148.4199981689453,150.39999389648438,10770700
2024-01-30 00:00:00+00:00,143.90577697753906,145.97999572753906,148.8000030517578,145.57000732421875,148.0,9132800
2024-01-31 00:00:00+00:00,146.3998260498047,148.50999450683594,150.16000366210938,144.33999633789062,145.33999633789062,21184200
2024-02-01 00:00:00+00:00,139.10498046875,141.11000061035156,143.91000366210938,140.08999633789062,140.8699951171875,22810600
2024-02-02 00:00:00+00:00,139.67674255371094,141.69000244140625,142.13999938964844,139.25999450683594,140.64999389648438,10440800
2024-02-05 00:00:00+00:00,141.98348999023438,144.02999877929688,144.64999389648438,141.2100067138672,141.86000061035156,8032600
2024-02-06 00:00:00+00:00,142.05250549316406,144.10000610351562,144.80999755859375,142.42999267578125,144.5,7286300
2024-02-07 00:00:00+00:00,143.8170623779297,145.88999938964844,145.9499969482422,143.6300048828125,145.16000366210938,7361900
2024-02-08 00:00:00+00:00,146.07452392578125,148.17999267578125,148.61000061035156,146.2899932861328,146.85000610351562,9448700
2024-02-09 00:00:00+00:00,148.85446166992188,151.0,153.39999389648438,148.35000610351562,149.0,11981500
2024-02-12 00:00:00+00:00,150.92462158203125,153.10000610351562,154.75999450683594,150.25,150.3800048828125,11806300
2024-02-13 00:00:00+00:00,147.9080810546875,150.0399932861328,151.25,148.41000366210938,150.0,8976300
2024-02-14 00:00:00+00:00,151.752685546875,153.94000244140625,154.38999938964844,151.0500030517578,151.30999755859375,8715100
2024-02-15 00:00:00+00:00,153.76370239257812,155.97999572753906,157.1699981689453,154.49000549316406,155.0,9372400
2024-02-16 00:00:00+00:00,150.52044677734375,152.69000244140625,157.75999450683594,152.60000610351562,157.47000122070312,8427600
2024-02-20 00:00:00+00:00,149.8008270263672,151.9600067138672,152.89999389648438,149.8699951171875,151.88999938964844,8745500
2024-02-21 00:00:00+00:00,149.85009765625,152.00999450683594,152.0500030517578,148.89999389648438,149.8300018310547,9769500
2024-02-22 00:00:00+00:00,152.55116271972656,154.75,155.50999450683594,152.32000732421875,154.77000427246094,11407500
2024-02-23 00:00:00+00:00,152.7089080810547,154.91000366210938,156.91000366210938,154.3300018310547,155.6999969482422,5953300
2024-02-26 00:00:00+00:00,154.7987823486328,157.02999877929688,157.47999572753906,155.7899932861328,156.0,6307600
2024-02-27 00:00:00+00:00,156.05072021484375,158.3000030517578,159.1999969482422,157.49000549316406,157.75,6021400
2024-02-28 00:00:00+00:00,154.41590881347656,155.85000610351562,156.5399932861328,154.9600067138672,156.0,5211000
2024-02-29 00:00:00+00:00,156.3380584716797,157.7899932861328,158.1999969482422,156.17999267578125,156.8699951171875,8321400
2024-03-01 00:00:00+00:00,161.58929443359375,163.08999633789062,164.0,158.07000732421875,159.38999938964844,10403500
2024-03-04 00:00:00+00:00,165.02737426757812,166.55999755859375,167.8300018310547,164.72000122070312,165.1199951171875,11865100
2024-03-05 00:00:00+00:00,159.96437072753906,161.4499969482422,165.58999633789062,160.22999572753906,164.72999572753906,9608800
2024-03-06 00:00:00+00:00,166.3451385498047,167.88999938964844,169.25,164.3300018310547,164.82000732421875,12230500
2024-03-07 00:00:00+00:00,174.1030731201172,175.72000122070312,177.58999633789062,169.42999267578125,169.60000610351562,14495100
2024-03-08 00:00:00+00:00,169.00047302246094,170.57000732421875,175.47000122070312,170.5399932861328,174.82000732421875,11306700
2024-03-11 00:00:00+00:00,169.54539489746094,171.1199951171875,171.97999572753906,168.1199951171875,169.0,7256300
2024-03-12 00:00:00+00:00,171.48736572265625,173.0800018310547,173.89999389648438,170.5800018310547,172.91000366210938,7642200
2024-03-13 00:00:00+00:00,167.69261169433594,169.25,171.5,168.60000610351562,171.22000122070312,8730500
2024-03-14 00:00:00+00:00,166.8999786376953,168.4499969482422,169.9499969482422,166.7100067138672,169.60000610351562,8151000
2024-03-15 00:00:00+00:00,165.66146850585938,167.1999969482422,168.77000427246094,165.85000610351562,167.10000610351562,16413000
2024-03-18 00:00:00+00:00,165.38404846191406,166.9199981689453,171.4600067138672,166.35000610351562,170.91000366210938,6653700
2024-03-19 00:00:00+00:00,162.5900115966797,164.10000610351562,166.4600067138672,163.6300048828125,166.08999633789062,7404400
2024-03-20 00:00:00+00:00,166.1271514892578,167.6699981689453,168.1699981689453,163.8300018310547,164.10000610351562,5995800
2024-03-21 00:00:00+00:00,169.27789306640625,170.85000610351562,172.9199981689453,169.6300048828125,170.74000549316406,8497500
2024-03-22 00:00:00+00:00,168.5347900390625,170.10000610351562,171.89999389648438,169.3000030517578,169.5500030517578,5644900
2024-03-25 00:00:00+00:00,165.97853088378906,167.52000427246094,168.77000427246094,166.97000122070312,167.8800048828125,5682500
2024-03-26 00:00:00+00:00,165.53268432617188,167.07000732421875,169.4199981689453,167.0,168.0500030517578,5289900
2024-03-27 00:00:00+00:00,167.57373046875,169.1300048828125,169.47999572753906,166.97000122070312,169.4499969482422,6309700
2024-03-28 00:00:00+00:00,167.7421417236328,169.3000030517578,169.88999938964844,167.97999572753906,169.10000610351562,5324000
2024-04-01 00:00:00+00:00,170.13987731933594,171.72000122070312,172.8000030517578,168.2100067138672,168.27000427246094,6679100
2024-04-02 00:00:00+00:00,169.46612548828125,171.0399932861328,171.39999389648438,169.27999877929688,170.47000122070312,7436300
2024-04-03 00:00:00+00:00,172.3097381591797,173.91000366210938,173.9600067138672,169.3300018310547,170.0,6943200
2024-04-04 00:00:00+00:00,168.19790649414062,169.75999450683594,175.9499969482422,169.41000366210938,175.0,9031200
2024-04-05 00:00:00+00:00,169.95162963867188,171.52999877929688,172.24000549316406,169.7100067138672,170.17999267578125,5861900
2024-04-08 00:00:00+00:00,172.02239990234375,173.6199951171875,174.38999938964844,172.36000061035156,172.92999267578125,4812000
2024-04-09 00:00:00+00:00,173.9544677734375,175.57000732421875,175.99000549316406,173.3699951171875,175.27000427246094,5030500
2024-04-10 00:00:00+00:00,169.2877960205078,170.86000061035156,173.7100067138672,170.07000732421875,172.4199981689453,6177400
2024-04-11 00:00:00+00:00,173.5185089111328,175.1300048828125,175.6300048828125,170.5,171.6699981689453,6262600
2024-04-12 00:00:00+00:00,169.71383666992188,171.2899932861328,173.38999938964844,170.9600067138672,172.27999877929688,8212100
2024-04-15 00:00:00+00:00,168.27719116210938,169.83999633789062,174.3800048828125,168.5800018310547,174.27000427246094,6570600
2024-04-16 00:00:00+00:00,167.02877807617188,168.5800018310547,169.57000732421875,167.4499969482422,169.5,6390100
2024-04-17 00:00:00+00:00,162.8079833984375,164.32000732421875,170.19000244140625,163.77000427246094,169.22000122070312,8082000
2024-04-18 00:00:00+00:00,159.95448303222656,161.44000244140625,164.10000610351562,159.86000061035156,162.36000061035156,9209400
2024-04-19 00:00:00+00:00,156.17955017089844,157.6300048828125,161.38999938964844,156.33999633789062,161.2899932861328,10287900
2024-04-22 00:00:00+00:00,158.7060546875,160.17999267578125,161.63999938964844,157.16000366210938,158.0399932861328,7848700
2024-04-23 00:00:00+00:00,159.8653106689453,161.35000610351562,162.25999450683594,159.67999267578125,160.9600067138672,6616700
2024-04-24 00:00:00+00:00,162.12432861328125,163.6300048828125,165.92999267578125,162.0,163.8699951171875,6130500
2024-04-25 00:00:00+00:00,161.79736328125,163.3000030517578,164.6300048828125,161.72999572753906,164.0800018310547,6230700
2024-04-26 00:00:00+00:00,164.13565063476562,165.66000366210938,166.52000427246094,162.50999450683594,162.89999389648438,7141300
2024-04-29 00:00:00+00:00,167.64306640625,169.1999969482422,169.27000427246094,165.1999969482422,165.1999969482422,6623900
2024-04-30 00:00:00+00:00,164.3238983154297,165.85000610351562,169.24000549316406,165.80999755859375,169.22999572753906,6914200
2024-05-01 00:00:00+00:00,162.5998992919922,164.11000061035156,169.63999938964844,163.7899932861328,164.50999450683594,13113600
2024-05-02 00:00:00+00:00,178.44277954101562,180.10000610351562,181.69000244140625,175.2899932861328,175.47000122070312,25894800
2024-05-03 00:00:00+00:00,177.9870147705078,179.63999938964844,183.19000244140625,177.8000030517578,182.24000549316406,10043900
2024-05-06 00:00:00+00:00,180.1766815185547,181.85000610351562,182.39999389648438,180.39999389648438,181.91000366210938,6980100
2024-05-07 00:00:00+00:00,178.4923095703125,180.14999389648438,184.30999755859375,179.22000122070312,182.4499969482422,8011100
2024-05-08 00:00:00+00:00,178.88864135742188,180.5500030517578,180.7899932861328,176.6199951171875,176.72999572753906,6242600
2024-05-09 00:00:00+00:00,178.8787078857422,180.5399932861328,181.7100067138672,179.44000244140625,181.0,5513500
2024-05-10 00:00:00+00:00,180.40455627441406,182.0800018310547,183.5500030517578,181.24000549316406,182.0,4702500
2024-05-13 00:00:00+00:00,182.5149688720703,184.2100067138672,184.72999572753906,182.89999389648438,183.17999267578125,6384800
2024-05-14 00:00:00+00:00,187.2311553955078,188.97000122070312,189.2899932861328,184.49000549316406,184.50999450683594,7713400
2024-05-15 00:00:00+00:00,192.8192596435547,194.61000061035156,196.0800018310547,190.0,190.00999450683594,11349100
2024-05-16 00:00:00+00:00,191.49159240722656,193.27000427246094,195.6300048828125,192.77999877929688,195.0,8173400
2024-05-17 00:00:00+00:00,192.07615661621094,193.86000061035156,195.44000244140625,191.8699951171875,192.89999389648438,5799700
2024-05-20 00:00:00+00:00,195.9402618408203,197.75999450683594,199.99000549316406,193.27999877929688,194.0,8879700
2024-05-21 00:00:00+00:00,199.00184631347656,200.85000610351562,201.97999572753906,195.75999450683594,196.00999450683594,11498800
2024-05-22 00:00:00+00:00,201.06268310546875,202.92999267578125,204.83999633789062,201.6999969482422,202.92999267578125,11170100
2024-05-23 00:00:00+00:00,199.90345764160156,201.75999450683594,207.9499969482422,199.4199981689453,205.8800048828125,14475100
2024-05-24 00:00:00+00:00,208.42433166503906,210.36000061035156,211.3000030517578,203.55999755859375,203.88999938964844,13799000
2024-05-28 00:00:00+00:00,211.11929321289062,213.0800018310547,217.42999267578125,211.3000030517578,217.22999572753906,12485400
2024-05-29 00:00:00+00:00,206.34364318847656,208.25999450683594,210.66000366210938,206.6999969482422,208.64999389648438,12552500
2024-05-30 00:00:00+00:00,203.7470703125,204.8000030517578,209.3699951171875,203.82000732421875,208.0,12263900
2024-05-31 00:00:00+00:00,203.0009307861328,204.0500030517578,209.0500030517578,198.7100067138672,208.0,15064900
2024-06-03 00:00:00+00:00,204.8513641357422,205.91000366210938,210.97999572753906,202.41000366210938,209.55999755859375,12419500
2024-06-04 00:00:00+00:00,203.31927490234375,204.3699951171875,206.22999572753906,201.66000366210938,205.91000366210938,6629100
2024-06-05 00:00:00+00:00,210.81056213378906,211.89999389648438,212.5,205.3699951171875,206.92999267578125,11626300
2024-06-06 00:00:00+00:00,208.36322021484375,209.44000244140625,212.24000549316406,208.7899932861328,211.89999389648438,7597200
2024-06-07 00:00:00+00:00,205.55770874023438,206.6199951171875,209.8000030517578,204.88999938964844,209.72999572753906,5714400
2024-06-10 00:00:00+00:00,208.273681640625,209.35000610351562,210.5800018310547,204.55999755859375,205.2899932861328,6470500
2024-06-11 00:00:00+00:00,207.4479522705078,208.52000427246094,209.4499969482422,204.77999877929688,207.14999389648438,8197500
2024-06-12 00:00:00+00:00,214.28262329101562,215.38999938964844,215.6199951171875,210.8800048828125,212.5,9502800
2024-06-13 00:00:00+00:00,216.690185546875,217.80999755859375,218.36000061035156,213.00999450683594,216.36000061035156,10102800
2024-06-14 00:00:00+00:00,214.22293090820312,215.3300018310547,218.0500030517578,213.64999389648438,217.63999938964844,6438200
2024-06-17 00:00:00+00:00,221.0775146484375,222.22000122070312,222.6699981689453,213.39999389648438,217.08999633789062,12109100
2024-06-18 00:00:00+00:00,225.92247009277344,227.08999633789062,230.6300048828125,226.0,226.82000732421875,22037500
2024-06-20 00:00:00+00:00,214.36221313476562,215.47000122070312,225.89999389648438,212.83999633789062,224.1999969482422,18701200
2024-06-21 00:00:00+00:00,211.4373321533203,212.52999877929688,215.47000122070312,209.41000366210938,211.75999450683594,22741300
2024-06-24 00:00:00+00:00,199.8074188232422,200.83999633789062,207.02999877929688,200.24000549316406,206.91000366210938,16087700
2024-06-25 00:00:00+00:00,201.13058471679688,202.1699981689453,203.14999389648438,199.1699981689453,203.13999938964844,12053700
2024-06-26 00:00:00+00:00,196.3154754638672,197.3300018310547,201.14999389648438,195.6999969482422,200.30999755859375,10023800
2024-06-27 00:00:00+00:00,194.1466827392578,195.14999389648438,198.57000732421875,193.83999633789062,196.8699951171875,11936600
2024-06-28 00:00:00+00:00,198.1559600830078,199.17999267578125,203.94000244140625,195.61000061035156,196.0,15547500
2024-07-01 00:00:00+00:00,199.0015869140625,200.02999877929688,200.6699981689453,196.0800018310547,199.47000122070312,6800600
2024-07-02 00:00:00+00:00,199.1309356689453,200.16000366210938,200.47999572753906,197.08999633789062,198.25,5632900
2024-07-03 00:00:00+00:00,202.7621612548828,203.80999755859375,204.86000061035156,200.44000244140625,202.67999267578125,4996200
2024-07-05 00:00:00+00:00,204.6921844482422,205.75,206.75,203.97999572753906,205.85000610351562,6375200
2024-07-08 00:00:00+00:00,206.82118225097656,207.88999938964844,210.44000244140625,206.14999389648438,207.24000549316406,6920400
2024-07-09 00:00:00+00:00,206.05514526367188,207.1199951171875,208.5500030517578,204.66000366210938,206.47999572753906,5272600
2024-07-10 00:00:00+00:00,207.72650146484375,208.8000030517578,209.24000549316406,206.55999755859375,208.74000549316406,5159400
2024-07-11 00:00:00+00:00,198.82252502441406,199.85000610351562,210.1300048828125,199.77000427246094,210.02000427246094,8602200
2024-07-12 00:00:00+00:00,201.38925170898438,202.42999267578125,206.0800018310547,200.25,201.66000366210938,7217200
2024-07-15 00:00:00+00:00,207.10968017578125,208.17999267578125,209.24000549316406,202.7899932861328,203.0,7463700
2024-07-16 00:00:00+00:00,208.5621795654297,209.63999938964844,211.08999633789062,206.6199951171875,210.0,5998500
2024-07-17 00:00:00+00:00,190.6149444580078,191.60000610351562,200.0,190.55999755859375,199.72999572753906,16156200
2024-07-18 00:00:00+00:00,190.4756622314453,191.4600067138672,193.89999389648438,186.9499969482422,193.77999877929688,9960600
2024-07-19 00:00:00+00:00,185.25265502929688,186.2100067138672,193.08999633789062,185.75999450683594,191.69000244140625,9195700
2024-07-22 00:00:00+00:00,193.9676055908203,194.97000122070312,195.5,189.0500030517578,191.0,7590000
2024-07-23 00:00:00+00:00,192.35594177246094,193.35000610351562,196.24000549316406,192.14999389648438,194.1999969482422,5796700
2024-07-24 00:00:00+00:00,180.1390838623047,181.07000732421875,189.61000061035156,180.69000244140625,189.33999633789062,13295300
2024-07-25 00:00:00+00:00,174.48828125,175.38999938964844,180.24000549316406,173.27000427246094,179.6199951171875,12700100
2024-07-26 00:00:00+00:00,179.1243133544922,180.0500030517578,181.3000030517578,177.57000732421875,179.00999450683594,6567800
2024-07-29 00:00:00+00:00,177.7215576171875,178.63999938964844,182.63999938964844,177.85000610351562,181.5,6051600
2024-07-30 00:00:00+00:00,166.08172607421875,166.94000244140625,179.39999389648438,166.77000427246094,179.33999633789062,15338900
2024-07-31 00:00:00+00:00,180.01968383789062,180.9499969482422,181.0800018310547,173.41000366210938,175.5800018310547,19222200
2024-08-01 00:00:00+00:00,163.15682983398438,164.0,176.97000122070312,161.3300018310547,171.75999450683594,24795000
2024-08-02 00:00:00+00:00,158.49093627929688,159.30999755859375,164.25999450683594,157.52999877929688,160.52000427246094,16618900
2024-08-05 00:00:00+00:00,157.137939453125,157.9499969482422,162.82000732421875,151.38999938964844,153.27000427246094,12733900
2024-08-06 00:00:00+00:00,157.9039764404297,158.72000122070312,163.6300048828125,156.5,158.4199981689453,9301000
2024-08-07 00:00:00+00:00,155.3173370361328,156.1199951171875,164.32000732421875,155.5,163.5800018310547,9266900
2024-08-08 00:00:00+00:00,164.10194396972656,164.9499969482422,165.58999633789062,157.8699951171875,160.74000549316406,9590900
2024-08-09 00:00:00+00:00,163.63436889648438,164.47999572753906,165.88999938964844,161.97999572753906,164.07000732421875,4824600
2024-08-12 00:00:00+00:00,162.0525360107422,162.88999938964844,163.38999938964844,157.4199981689453,160.55999755859375,8548000
2024-08-13 00:00:00+00:00,168.5987091064453,169.47000122070312,169.55999755859375,163.27999877929688,164.3000030517578,11102100
2024-08-14 00:00:00+00:00,166.29063415527344,167.14999389648438,171.25999450683594,164.72000122070312,170.63999938964844,7208200
2024-08-15 00:00:00+00:00,172.4488067626953,173.33999633789062,174.63999938964844,170.61000061035156,171.75,10752100
2024-08-16 00:00:00+00:00,171.29476928710938,172.17999267578125,173.3800048828125,170.6300048828125,172.2899932861328,5435700
2024-08-19 00:00:00+00:00,173.36407470703125,174.25999450683594,174.32000732421875,168.74000549316406,171.57000732421875,6708100
2024-08-20 00:00:00+00:00,171.2251434326172,172.11000061035156,175.42999267578125,171.14999389648438,173.86000061035156,6222400
2024-08-21 00:00:00+00:00,173.3242950439453,174.22000122070312,174.8699951171875,172.0800018310547,172.99000549316406,6309500
2024-08-22 00:00:00+00:00,168.13113403320312,169.0,174.58999633789062,168.3800048828125,174.3000030517578,6743500
2024-08-23 00:00:00+00:00,172.6079864501953,173.5,174.6199951171875,170.6300048828125,171.75999450683594,6823600
2024-08-26 00:00:00+00:00,168.6186065673828,169.49000549316406,172.3800048828125,168.52999877929688,171.97000122070312,7437600
2024-08-27 00:00:00+00:00,173.0357666015625,173.92999267578125,174.44000244140625,168.27000427246094,169.1699981689453,6498800
2024-08-28 00:00:00+00:00,170.9664764404297,171.85000610351562,175.72000122070312,169.6300048828125,174.3800048828125,6534600
2024-08-29 00:00:00+00:00,168.6186065673828,169.49000549316406,176.36000061035156,168.92999267578125,173.4199981689453,12514200
2024-08-30 00:00:00+00:00,174.39874267578125,175.3000030517578,175.4600067138672,170.8000030517578,172.2899932861328,11110800
2024-09-03 00:00:00+00:00,162.40074157714844,163.24000549316406,172.16000366210938,162.0,171.88999938964844,11620300
2024-09-04 00:00:00+00:00,164.47999572753906,165.3300018310547,168.24000549316406,162.6300048828125,163.0,6737000
2024-09-05 00:00:00+00:00,163.6999969482422,163.6999969482422,165.8000030517578,161.85000610351562,163.0800018310547,5600000
2024-09-06 00:00:00+00:00,158.19000244140625,158.19000244140625,163.19000244140625,157.1300048828125,162.74000549316406,10703000
2024-09-09 00:00:00+00:00,160.77000427246094,160.77000427246094,162.3699951171875,158.57000732421875,161.08999633789062,7494900
2024-09-10 00:00:00+00:00,161.67999267578125,161.67999267578125,162.05999755859375,157.67999267578125,160.0,7918100
2024-09-11 00:00:00+00:00,166.55999755859375,166.55999755859375,166.89999389648438,159.25,162.36000061035156,8275400
2024-09-12 00:00:00+00:00,164.97999572753906,164.97999572753906,166.30999755859375,162.89999389648438,165.8800048828125,6045600
2024-09-13 00:00:00+00:00,167.72999572753906,167.72999572753906,168.3000030517578,165.44000244140625,165.80999755859375,4049900
2024-09-16 00:00:00+00:00,166.61000061035156,166.61000061035156,167.33999633789062,163.7899932861328,164.92999267578125,6510000
2024-09-17 00:00:00+00:00,168.6999969482422,168.6999969482422,169.5,166.0800018310547,168.8800048828125,5828000
2024-09-18 00:00:00+00:00,168.3000030517578,168.3000030517578,172.4199981689453,167.6999969482422,169.52000427246094,5877600
2024-09-19 00:00:00+00:00,173.9199981689453,173.9199981689453,176.8000030517578,172.49000549316406,174.4199981689453,10900000
2024-09-20 00:00:00+00:00,168.9199981689453,168.9199981689453,173.07000732421875,164.3000030517578,172.69000244140625,27546400
2024-09-23 00:00:00+00:00,165.9600067138672,165.9600067138672,169.97999572753906,165.35000610351562,168.4199981689453,9810000
2024-09-24 00:00:00+00:00,166.9499969482422,166.9499969482422,169.36000061035156,165.97999572753906,167.4199981689453,9666800
2024-09-25 00:00:00+00:00,168.27000427246094,168.27000427246094,168.58999633789062,165.75999450683594,166.27999877929688,5095500
2024-09-26 00:00:00+00:00,172.66000366210938,172.66000366210938,175.75,166.77999877929688,174.91000366210938,8475000
2024-09-27 00:00:00+00:00,170.1300048828125,170.1300048828125,173.4499969482422,169.8300018310547,173.0,5880700
2024-09-30 00:00:00+00:00,170.0500030517578,170.0500030517578,172.22999572753906,167.75,171.3699951171875,8099700
2024-10-01 00:00:00+00:00,165.77999877929688,165.77999877929688,170.2899932861328,164.0800018310547,169.8000030517578,8277600
2024-10-02 00:00:00+00:00,168.32000732421875,168.32000732421875,169.75,165.14999389648438,166.14999389648438,4484600
2024-10-03 00:00:00+00:00,168.9199981689453,168.9199981689453,169.52999877929688,165.66000366210938,165.9499969482422,6260200
2024-10-04 00:00:00+00:00,168.89999389648438,168.89999389648438,172.8000030517578,166.47999572753906,172.5500030517578,6586500
2024-10-07 00:00:00+00:00,166.94000244140625,166.94000244140625,168.72000122070312,165.74000549316406,167.63999938964844,4359300
2024-10-08 00:00:00+00:00,166.33999633789062,166.33999633789062,167.72000122070312,163.66000366210938,164.86000061035156,7843500
2024-10-09 00:00:00+00:00,170.22000122070312,170.22000122070312,170.3000030517578,164.6699981689453,165.9499969482422,5486500
2024-10-10 00:00:00+00:00,168.52000427246094,168.52000427246094,168.75,165.3300018310547,167.22999572753906,5048000
2024-10-11 00:00:00+00:00,169.97999572753906,169.97999572753906,170.42999267578125,166.8699951171875,168.0,3801400
2024-10-14 00:00:00+00:00,178.0399932861328,178.0399932861328,178.8699951171875,170.89999389648438,171.33999633789062,9933600
2024-10-15 00:00:00+00:00,174.08999633789062,174.08999633789062,179.8300018310547,172.75,177.22000122070312,12910400
2024-10-16 00:00:00+00:00,171.47999572753906,171.47999572753906,174.6699981689453,170.22000122070312,174.6199951171875,6495700
2024-10-17 00:00:00+00:00,171.10000610351562,171.10000610351562,175.6199951171875,171.02000427246094,175.6199951171875,6093200
2024-10-18 00:00:00+00:00,170.9199981689453,170.9199981689453,172.5800018310547,169.4199981689453,172.11000061035156,6432700
2024-10-21 00:00:00+00:00,169.00999450683594,169.00999450683594,170.1699981689453,166.07000732421875,169.63999938964844,7297700
2024-10-22 00:00:00+00:00,173.17999267578125,173.17999267578125,173.47999572753906,168.22999572753906,169.00999450683594,7313000
2024-10-23 00:00:00+00:00,166.60000610351562,166.60000610351562,172.63999938964844,164.3000030517578,169.33999633789062,9788200
2024-10-24 00:00:00+00:00,168.10000610351562,168.10000610351562,168.94000244140625,165.52999877929688,166.61000061035156,4933400
2024-10-25 00:00:00+00:00,170.27000427246094,170.27000427246094,173.17999267578125,169.80999755859375,170.27999877929688,5496600
2024-10-28 00:00:00+00:00,172.22000122070312,172.22000122070312,173.14999389648438,169.3699951171875,169.4199981689453,5024600
2024-10-29 00:00:00+00:00,176.0,176.0,176.57000732421875,171.25999450683594,172.1999969482422,6427700
2024-10-30 00:00:00+00:00,167.6199951171875,167.6199951171875,171.74000549316406,167.52999877929688,169.9199981689453,8819700
2024-10-31 00:00:00+00:00,162.77000427246094,162.77000427246094,167.77999877929688,162.0800018310547,167.6199951171875,10261200
